Serial Number,Station Name,Station Id,Network,Elevation(meter),Latitude,Longitude,Wind Speed(m/s),Air Temperature(C),Start Date,Precipitation for 1 day,Precipitation for 2 days,Precipitation for 3 days,Precipitation for 4 days,Precipitation for 5 days,sm_2,sm_4,sm_8,sm_20,sm_40,st_2,st_4,st_8,st_20,st_40
1,Agua Canyon,907,SNORTEL,2712.7200000000003,37.52217,-112.27118,-999999,-0.3888888888888885,2017-09-25 00:00:00,0.0,0.0,0.0,0.0,0.0,0.128,-999999,0.188,0.092,-999999,7.78,-999999,11.67,12.22,-999999
2,Bear River RS,992,SNORTEL,2675.2296,40.8852,-110.8277,-999999,-0.3888888888888885,2017-09-25 00:00:00,22.859999999999964,38.099999999999994,53.33999999999994,58.420000000000016,58.420000000000016,0.196,-999999,0.198,0.027999999999999997,-999999,4.44,-999999,5.0,6.11,-999999
3,Beaver Dams,329,SNORTEL,2435.3520000000003,39.13683,-111.55813,-999999,-1.7777777777777775,2017-09-25 00:00:00,2.539999999999946,10.159999999999963,10.159999999999963,10.159999999999963,10.159999999999963,0.37200000000000005,-999999,0.318,0.315,-999999,5.56,-999999,9.44,12.22,-999999
4,Beaver Divide,330,SNORTEL,2523.744,40.61233,-111.09782,-999999,-0.3888888888888885,2017-09-25 00:00:00,30.47999999999989,38.099999999999994,50.8,58.41999999999992,60.95999999999996,0.263,-999999,0.13,0.068,-999999,3.33,-999999,5.56,8.33,-999999
5,Ben Lomond Peak,332,SNORTEL,2343.6072,41.37603,-111.94405,-999999,1.2222222222222239,2017-09-25 00:00:00,0.0,2.5399999999998553,2.5399999999998553,2.5399999999998553,2.5399999999998553,0.231,-999999,0.247,0.049,-999999,3.33,-999999,5.56,6.67,-999999
6,Ben Lomond Trail,333,SNORTEL,1820.2656000000002,41.38291,-111.92103,-999999,3.7777777777777763,2017-09-25 00:00:00,0.0,5.079999999999892,5.079999999999892,5.079999999999892,10.159999999999963,0.187,-999999,0.198,0.134,-999999,6.67,-999999,7.22,9.44,-999999
7,Bevans Cabin,1214,SNORTEL,1987.296,40.46182,-112.25233,-999999,1.2222222222222239,2017-09-25 00:00:00,40.640000000000036,55.88000000000007,58.42000000000011,76.19999999999999,76.19999999999999,0.23800000000000002,0.006,0.0,0.0,0.0,2.22,3.89,4.44,7.78,10.0
8,Big Flat,339,SNORTEL,3154.3752,38.30183,-112.35672,-999999,-6.111111111111111,2017-09-25 00:00:00,5.080000000000072,10.159999999999963,10.159999999999963,12.7,12.7,0.282,-999999,0.205,0.316,-999999,2.78,-999999,3.33,5.56,-999999
9,Black Flat-U.M. Ck,348,SNORTEL,2869.3872,38.6799,-111.59765,-999999,-4.111111111111111,2017-09-25 00:00:00,12.7,15.239999999999945,15.239999999999945,15.239999999999945,15.239999999999945,0.193,-999999,0.209,0.087,-999999,4.44,-999999,5.56,8.33,-999999
10,Blacks Fork Jct,1162,SNORTEL,2703.2712,40.95814,-110.5828,-999999,-0.6111111111111119,2017-09-25 00:00:00,15.239999999999945,33.02000000000002,43.17999999999998,45.72000000000001,45.72000000000001,0.244,-999999,0.13,0.057999999999999996,-999999,3.33,-999999,4.44,7.22,-999999
11,Bobs Hollow,1278,SNORTEL,2840.4312,38.94569,-112.15349,-999999,-1.6111111111111103,2017-09-25 00:00:00,27.940000000000033,35.55999999999996,35.55999999999996,45.71999999999993,48.25999999999996,0.321,-999999,0.267,0.057,-999999,1.11,-999999,2.78,5.56,-999999
12,Box Creek,364,SNORTEL,3003.1944000000003,38.50809,-112.01856,-999999,-2.6111111111111107,2017-09-25 00:00:00,2.540000000000036,5.079999999999981,5.079999999999981,5.079999999999981,5.079999999999981,0.129,-999999,0.18899999999999997,0.159,-999999,1.11,-999999,4.44,8.33,-999999
13,Box Springs,1156,SNORTEL,2812.6944000000003,38.49746,-112.00779,-999999,-3.111111111111112,2017-09-25 00:00:00,0.0,5.079999999999981,7.620000000000018,7.620000000000018,7.620000000000018,0.127,-999999,0.067,0.087,-999999,2.78,-999999,5.0,8.89,-999999
14,Brian Head,1154,SNORTEL,3059.8872,37.67994,-112.85674,-999999,-3.611111111111111,2017-09-25 00:00:00,0.0,0.0,0.0,5.080000000000072,5.080000000000072,0.095,-999999,0.09699999999999999,0.17,-999999,2.22,-999999,6.67,7.78,-999999
15,Brighton,366,SNORTEL,2671.8768,40.59936,-111.58167,-999999,-0.7222222222222227,2017-09-25 00:00:00,20.319999999999926,27.940000000000033,27.940000000000033,38.099999999999994,40.640000000000036,0.203,-999999,0.05,0.038,-999999,2.22,-999999,3.89,5.56,-999999
16,Brown Duck,368,SNORTEL,3222.9552000000003,40.58102,-110.58587,-999999,-5.111111111111111,2017-09-25 00:00:00,27.940000000000033,35.55999999999996,40.640000000000036,43.18000000000007,43.18000000000007,0.223,-999999,0.125,0.18100000000000002,-999999,1.67,-999999,3.89,5.0,-999999
17,Buck Flat,371,SNORTEL,2867.8632000000002,39.134,-111.43722,-999999,-3.7777777777777777,2017-09-25 00:00:00,2.5399999999998553,5.079999999999892,7.619999999999927,7.619999999999927,7.619999999999927,0.35,-999999,0.35200000000000004,0.397,-999999,3.33,-999999,6.67,8.33,-999999
18,Buck Pasture,1192,SNORTEL,2935.8336,40.84456,-110.66068,-999999,-1.8888888888888882,2017-09-25 00:00:00,22.859999999999964,33.019999999999925,43.179999999999886,48.25999999999996,48.25999999999996,0.426,-999999,0.42,0.41600000000000004,-999999,4.44,-999999,5.56,7.22,-999999
19,Buckboard Flat,1153,SNORTEL,2720.0352000000003,37.86943,-109.44717,-999999,0.0,2017-09-25 00:00:00,2.540000000000036,2.540000000000036,2.540000000000036,2.540000000000036,2.540000000000036,0.21100000000000002,-999999,0.22,0.183,-999999,4.44,-999999,6.67,8.89,-999999
20,Bug Lake,374,SNORTEL,2434.4376,41.68541,-111.41987,-999999,0.38888888888889045,2017-09-25 00:00:00,20.320000000000107,38.099999999999994,38.099999999999994,40.640000000000036,40.640000000000036,0.248,-999999,0.146,0.19899999999999998,-999999,3.33,-999999,4.44,7.78,-999999
21,Burts Miller Ranch,1135,SNORTEL,2438.4,40.98492,-110.85075,-999999,0.8888888888888897,2017-09-25 00:00:00,12.699999999999955,22.859999999999964,33.01999999999997,35.55999999999996,35.55999999999996,0.363,-999999,0.40700000000000003,0.40700000000000003,-999999,5.56,-999999,7.78,8.89,-999999
22,Camp Jackson,383,SNORTEL,2699.9184,37.81333,-109.48723,-999999,0.6111111111111119,2017-09-25 00:00:00,0.0,0.0,0.0,0.0,0.0,0.08199999999999999,-999999,0.08,0.11699999999999999,-999999,5.0,-999999,8.33,9.44,-999999
23,Cascade Mountain,1039,SNORTEL,2369.5152000000003,40.283,-111.60992,-999999,0.6111111111111119,2017-09-25 00:00:00,22.859999999999964,38.099999999999994,45.71999999999993,53.34000000000003,55.88000000000007,0.051,-999999,0.08800000000000001,0.057,-999999,5.0,-999999,6.11,7.78,-999999
24,Castle Valley,390,SNORTEL,2928.2136,37.66098,-112.74093,-999999,-2.3888888888888893,2017-09-25 00:00:00,0.0,2.540000000000036,2.540000000000036,2.540000000000036,2.540000000000036,0.136,-999999,0.22,0.307,-999999,7.22,-999999,7.22,8.33,-999999
25,Chalk Creek #1,392,SNORTEL,2795.3208,40.85464,-111.04765,-999999,-1.3888888888888888,2017-09-25 00:00:00,20.320000000000107,35.55999999999996,53.34000000000003,68.58000000000007,68.58000000000007,0.37200000000000005,-999999,0.382,0.36700000000000005,-999999,2.22,-999999,4.44,6.11,-999999
26,Chalk Creek #2,393,SNORTEL,2501.7984,40.88529,-111.06954,-999999,0.38888888888889045,2017-09-25 00:00:00,20.319999999999926,35.55999999999996,50.8,60.95999999999996,60.95999999999996,0.22399999999999998,-999999,0.252,0.135,-999999,2.22,-999999,4.44,6.67,-999999
27,Chepeta,396,SNORTEL,3200.0952,40.77458,-110.0105,-999999,-4.0,2017-09-25 00:00:00,20.319999999999926,25.4,33.019999999999925,33.019999999999925,35.55999999999996,0.18,-999999,0.086,0.12300000000000001,-999999,2.22,-999999,3.89,5.56,-999999
28,Clayton Springs,983,SNORTEL,3062.9352000000003,37.9725,-111.83355,-999999,-6.222222222222222,2017-09-25 00:00:00,0.0,0.0,0.0,0.0,2.540000000000036,0.138,-999999,0.135,0.1,-999999,2.22,-999999,5.0,8.33,-999999
29,Clear Creek #1,399,SNORTEL,2735.58,39.86671,-111.28363,-999999,-1.4999999999999996,2017-09-25 00:00:00,12.7,20.320000000000107,27.940000000000033,27.940000000000033,27.940000000000033,0.207,-999999,0.06,0.085,-999999,2.78,-999999,4.44,7.78,-999999
30,Clear Creek #2,400,SNORTEL,2388.7176,39.89275,-111.25154,-999999,0.38888888888889045,2017-09-25 00:00:00,10.159999999999963,12.7,17.77999999999998,17.77999999999998,17.77999999999998,0.139,-999999,0.132,0.040999999999999995,-999999,4.44,-999999,6.11,8.33,-999999
31,Corral,1236,SNORTEL,2501.4936000000002,39.65795,-110.37906,-999999,-2.000000000000001,2017-09-25 00:00:00,12.7,12.7,12.7,12.7,15.240000000000036,0.32299999999999995,-999999,0.212,0.145,-999999,4.44,-999999,6.67,9.44,-999999
32,Currant Creek,432,SNORTEL,2412.492,40.35747,-111.08993,-999999,0.777777777777777,2017-09-25 00:00:00,12.7,15.240000000000036,22.860000000000053,25.4,25.4,0.23,-999999,0.034,0.09300000000000001,-999999,5.0,-999999,6.67,8.89,-999999
33,Daniels-Strawberry,435,SNORTEL,2440.8384,40.2953,-111.25677,0.491744,0.22222222222222143,2017-09-25 00:00:00,10.159999999999963,15.240000000000036,20.319999999999926,25.4,25.4,0.201,-999999,0.135,0.040999999999999995,-999999,3.89,-999999,5.0,8.33,-999999
34,Dills Camp,444,SNORTEL,2812.6944000000003,39.04554,-111.46875,-999999,-2.7222222222222214,2017-09-25 00:00:00,2.540000000000036,2.540000000000036,5.080000000000072,5.080000000000072,5.080000000000072,0.092,-999999,0.223,0.17300000000000001,-999999,3.33,-999999,6.11,7.22,-999999
35,Donkey Reservoir,452,SNORTEL,2986.7352,38.2084,-111.47412,-999999,-5.222222222222221,2017-09-25 00:00:00,2.540000000000036,5.080000000000072,5.080000000000072,5.080000000000072,5.080000000000072,0.307,-999999,0.11800000000000001,0.08900000000000001,-999999,1.67,-999999,6.11,7.78,-999999
36,Dry Bread Pond,455,SNORTEL,2530.4496,41.41289,-111.5377,-999999,-0.4999999999999992,2017-09-25 00:00:00,12.7,22.859999999999964,25.4,27.940000000000033,27.940000000000033,0.23,-999999,0.127,0.004,-999999,2.22,-999999,5.56,6.67,-999999
37,Dry Fork,906,SNORTEL,2161.9464000000003,40.56533,-112.17343,-999999,0.4999999999999992,2017-09-25 00:00:00,20.319999999999926,30.48000000000007,35.55999999999996,48.25999999999996,48.25999999999996,0.257,-999999,0.17,0.0,-999999,5.0,-999999,6.11,7.78,-999999
38,East Willow Creek,461,SNORTEL,2530.4496,39.31213,-109.53179,-999999,-2.1111111111111116,2017-09-25 00:00:00,5.079999999999981,5.079999999999981,7.620000000000018,7.620000000000018,7.620000000000018,0.10099999999999999,-999999,0.07200000000000001,0.069,-999999,4.44,-999999,8.33,11.11,-999999
39,EF Blacks Fork GS,1163,SNORTEL,2852.9280000000003,40.88472,-110.54056,-999999,-1.4999999999999996,2017-09-25 00:00:00,15.240000000000036,30.48000000000007,35.56000000000005,43.18000000000007,43.18000000000007,0.392,-999999,0.376,0.397,-999999,5.56,-999999,7.22,7.78,-999999
40,Farmington,474,SNORTEL,2408.5296000000003,40.97462,-111.80975,-999999,0.777777777777777,2017-09-25 00:00:00,15.240000000000036,20.320000000000107,30.48000000000007,48.26000000000014,48.26000000000014,0.21899999999999997,-999999,0.114,0.061,-999999,2.78,-999999,3.33,7.22,-999999
41,Farmington Lower,1054,SNORTEL,2066.2392,40.992,-111.81702,-999999,1.5000000000000016,2017-09-25 00:00:00,15.240000000000036,22.859999999999964,35.55999999999996,43.18000000000007,43.18000000000007,0.322,-999999,0.29600000000000004,0.252,-999999,2.78,-999999,4.44,6.67,-999999
42,Farnsworth Lake,475,SNORTEL,2933.0904,38.77246,-111.67662,-999999,-3.888888888888889,2017-09-25 00:00:00,25.4,40.63999999999985,43.179999999999886,43.179999999999886,43.179999999999886,0.311,-999999,0.253,0.34,-999999,3.33,-999999,5.0,6.67,-999999
43,Fish Lake Utah,1149,SNORTEL,2681.6304,38.50455,-111.76693,-999999,-4.277777777777778,2017-09-25 00:00:00,5.079999999999981,5.079999999999981,5.079999999999981,5.079999999999981,5.079999999999981,0.158,-999999,0.175,0.032,-999999,2.22,-999999,7.22,10.0,-999999
44,Five Points Lake,481,SNORTEL,3335.4264000000003,40.71785,-110.46721,-999999,-4.111111111111111,2017-09-25 00:00:00,22.859999999999964,35.55999999999996,45.720000000000105,48.25999999999996,48.25999999999996,0.292,-999999,0.282,0.317,-999999,3.89,-999999,4.44,5.56,-999999
45,Garden City Summit,1114,SNORTEL,2348.484,41.9215,-111.4693,-999999,0.8888888888888897,2017-09-25 00:00:00,20.319999999999926,30.47999999999989,30.47999999999989,30.47999999999989,30.47999999999989,0.207,-999999,0.11699999999999999,0.151,-999999,2.22,-999999,4.44,7.22,-999999
46,Gardner Peak,1066,SNORTEL,2536.5456,37.40083,-113.45988,-999999,2.2777777777777786,2017-09-25 00:00:00,0.0,5.080000000000072,5.080000000000072,7.620000000000018,7.620000000000018,0.03,-999999,0.062,0.044000000000000004,-999999,5.56,-999999,8.33,10.0,-999999
47,GBRC HQ,1221,SNORTEL,2682.5448,39.32019,-111.48827,-999999,-1.7777777777777775,2017-09-25 00:00:00,22.859999999999964,30.48000000000007,33.019999999999925,35.55999999999996,35.55999999999996,0.254,-999999,0.231,0.243,-999999,3.89,-999999,6.67,8.89,-999999
48,GBRC Meadows,1222,SNORTEL,3004.7184,39.30229,-111.45383,-999999,-3.7777777777777777,2017-09-25 00:00:00,15.240000000000036,22.86000000000014,22.86000000000014,22.86000000000014,22.86000000000014,0.314,-999999,0.261,0.21600000000000003,-999999,2.22,-999999,4.44,7.22,-999999
49,George Creek,1151,SNORTEL,2732.2272000000003,41.91562,-113.41154,-999999,-4.277777777777778,2017-09-25 00:00:00,2.540000000000036,2.540000000000036,17.780000000000072,53.34000000000003,71.11999999999992,0.159,-999999,0.105,0.084,-999999,1.11,-999999,2.78,5.56,-999999
50,Gooseberry RS,495,SNORTEL,2421.3312,38.80034,-111.68333,-999999,-4.611111111111111,2017-09-25 00:00:00,25.4,40.639999999999944,43.17999999999998,43.17999999999998,43.17999999999998,0.29600000000000004,-999999,0.243,0.27,-999999,3.89,-999999,6.67,10.0,-999999
51,Gooseberry RS Up,1184,SNORTEL,2559.1008,38.7882,-111.68892,-999999,-4.222222222222223,2017-09-25 00:00:00,7.620000000000018,10.160000000000053,10.160000000000053,10.160000000000053,10.160000000000053,0.355,-999999,0.21100000000000002,0.215,-999999,3.33,-999999,6.11,10.0,-999999
52,Gutz Peak,1065,SNORTEL,2061.3624,37.49617,-113.94235,-999999,3.2222222222222205,2017-09-25 00:00:00,0.0,2.540000000000036,5.080000000000072,10.160000000000053,10.160000000000053,0.174,-999999,0.191,0.08800000000000001,-999999,7.22,-999999,10.56,12.22,-999999
53,Hardscrabble,896,SNORTEL,2209.8,40.86833,-111.71865,-999999,1.6111111111111103,2017-09-25 00:00:00,15.240000000000036,30.48000000000007,30.48000000000007,38.099999999999994,38.099999999999994,0.261,-999999,0.324,0.22899999999999998,-999999,4.44,-999999,5.56,7.22,-999999
54,Harris Flat,514,SNORTEL,2375.0016,37.48997,-112.57602,-999999,-0.2777777777777778,2017-09-25 00:00:00,2.540000000000036,2.540000000000036,2.540000000000036,2.540000000000036,2.540000000000036,0.228,-999999,0.24,-999999,-999999,9.44,-999999,11.67,-999999,-999999
55,Hayden Fork,517,SNORTEL,2782.824,40.79669,-110.88472,-999999,-1.2777777777777781,2017-09-25 00:00:00,20.320000000000107,38.099999999999994,53.34000000000003,58.42000000000011,58.42000000000011,0.366,-999999,0.29,0.349,-999999,3.89,-999999,6.67,7.78,-999999
56,Hewinta,521,SNORTEL,2895.6000000000004,40.95009,-110.48419,-999999,-1.6111111111111103,2017-09-25 00:00:00,15.239999999999945,27.939999999999944,35.55999999999996,35.55999999999996,40.639999999999944,0.313,-999999,0.254,0.092,-999999,3.33,-999999,4.44,6.67,-999999
57,Hickerson Park,522,SNORTEL,2780.3856,40.90663,-109.96287,-999999,-0.6111111111111119,2017-09-25 00:00:00,15.240000000000036,20.320000000000018,25.4,27.940000000000033,33.02000000000002,0.35,-999999,0.32299999999999995,0.207,-999999,3.33,-999999,5.56,7.78,-999999
58,Hobble Creek,1223,SNORTEL,2248.5096000000003,40.18538,-111.35971,-999999,0.2777777777777778,2017-09-25 00:00:00,17.77999999999989,20.319999999999926,25.4,30.47999999999989,30.47999999999989,0.196,-999999,0.161,0.22899999999999998,-999999,2.78,-999999,6.11,10.56,-999999
59,Hole-in-Rock,528,SNORTEL,2794.4064000000003,40.92167,-110.18623,-999999,-0.8888888888888897,2017-09-25 00:00:00,20.320000000000018,27.940000000000033,27.940000000000033,33.02000000000002,33.02000000000002,0.247,-999999,0.17800000000000002,0.127,-999999,4.44,-999999,5.56,6.67,-999999
60,Horse Ridge,533,SNORTEL,2499.0552000000002,41.31372,-111.44624,-999999,0.11111111111111269,2017-09-25 00:00:00,10.159999999999963,17.780000000000072,20.320000000000107,22.859999999999964,25.4,0.251,-999999,0.15,0.028999999999999998,-999999,3.89,-999999,5.56,8.89,-999999
61,Huntington Horse,1216,SNORTEL,2941.9296,39.61774,-111.30576,-999999,-2.3888888888888893,2017-09-25 00:00:00,10.160000000000144,15.240000000000036,17.780000000000072,20.320000000000107,20.320000000000107,0.233,-999999,0.33399999999999996,0.14,-999999,3.33,-999999,4.44,6.67,-999999
62,Indian Canyon,543,SNORTEL,2795.3208,39.89166,-110.74604,-999999,-2.1111111111111116,2017-09-25 00:00:00,7.619999999999927,7.619999999999927,7.619999999999927,7.619999999999927,7.619999999999927,0.257,-999999,0.09300000000000001,0.172,-999999,2.78,-999999,6.11,8.33,-999999
63,Jones Corral,1099,SNORTEL,2971.4952000000003,38.07125,-112.16788,-999999,-4.888888888888889,2017-09-25 00:00:00,2.539999999999946,5.079999999999981,5.079999999999981,5.079999999999981,5.079999999999981,0.157,-999999,0.138,0.062,-999999,2.22,-999999,5.0,6.67,-999999
64,Kilfoil Creek,1145,SNORTEL,2200.656,41.24764,-111.41249,-999999,1.5000000000000016,2017-09-25 00:00:00,7.620000000000108,17.780000000000072,20.320000000000107,38.10000000000009,40.640000000000036,0.262,-999999,0.23600000000000002,0.021,-999999,4.44,-999999,5.56,6.67,-999999
65,Kimberly Mine,557,SNORTEL,2773.9848,38.48383,-112.39273,-999999,-4.777777777777779,2017-09-25 00:00:00,15.240000000000036,33.02000000000011,33.02000000000011,48.26000000000014,48.26000000000014,0.292,-999999,0.373,0.17600000000000002,-999999,4.44,-999999,5.56,7.22,-999999
66,Kings Cabin,559,SNORTEL,2660.2944,40.71632,-109.54401,-999999,-1.722222222222223,2017-09-25 00:00:00,15.239999999999945,15.239999999999945,22.859999999999964,22.859999999999964,22.859999999999964,0.198,-999999,0.156,0.115,-999999,5.56,-999999,6.11,8.89,-999999
67,Klondike Narrows,1115,SNORTEL,2209.8,41.96769,-111.59713,-999999,1.1111111111111112,2017-09-25 00:00:00,15.240000000000036,17.77999999999989,17.77999999999989,17.77999999999989,20.319999999999926,0.354,-999999,0.28600000000000003,0.264,-999999,3.33,-999999,4.44,6.67,-999999
68,Kolob,561,SNORTEL,2823.3624,37.52664,-113.05386,-999999,0.0,2017-09-25 00:00:00,2.540000000000036,2.540000000000036,2.540000000000036,5.079999999999892,7.619999999999927,0.027999999999999997,-999999,0.115,0.09699999999999999,-999999,5.0,-999999,8.33,9.44,-999999
69,Lakefork #1,566,SNORTEL,3087.0144,40.59709,-110.43316,-999999,-7.388888888888889,2017-09-25 00:00:00,27.940000000000033,33.019999999999925,38.099999999999994,38.099999999999994,38.099999999999994,0.228,-999999,0.365,0.289,-999999,3.33,-999999,4.44,6.67,-999999
70,Lakefork #3,1116,SNORTEL,2579.8272,40.5502,-110.3529,-999999,-0.6111111111111119,2017-09-25 00:00:00,45.71999999999993,53.33999999999994,53.33999999999994,53.33999999999994,53.33999999999994,0.11599999999999999,-999999,0.031,0.0,-999999,3.89,-999999,6.11,8.33,-999999
71,Lakefork Basin,513,SNORTEL,3317.748,40.73785,-110.62121,-999999,-3.7222222222222223,2017-09-25 00:00:00,22.859999999999964,33.019999999999925,43.18000000000007,45.71999999999993,48.25999999999996,0.33,-999999,0.0,0.32899999999999996,-999999,6.67,-999999,17.22,6.67,-999999
72,Lasal Mountain,572,SNORTEL,2919.3744,38.48226,-109.27198,-999999,-1.2222222222222219,2017-09-25 00:00:00,0.0,2.539999999999946,5.079999999999981,5.079999999999981,5.079999999999981,0.10099999999999999,-999999,0.111,0.037000000000000005,-999999,7.22,-999999,9.44,10.56,-999999
73,Lasal Mountain-Lower,1215,SNORTEL,2677.0584000000003,38.48167,-109.29164,-999999,-0.4999999999999992,2017-09-25 00:00:00,0.0,0.0,0.0,2.540000000000036,2.540000000000036,0.201,-999999,0.13699999999999998,0.081,-999999,8.33,-999999,10.0,11.11,-999999
74,Lightning Ridge,1056,SNORTEL,2503.9320000000002,41.35891,-111.48749,-999999,0.2777777777777778,2017-09-25 00:00:00,10.159999999999963,17.77999999999989,20.319999999999926,25.4,25.4,0.276,0.25,0.185,0.034,0.016,4.44,5.0,6.11,7.78,9.44
75,Lily Lake,579,SNORTEL,2783.7384,40.86493,-110.79813,-999999,-1.2777777777777781,2017-09-25 00:00:00,22.859999999999964,40.640000000000036,58.420000000000016,63.5,63.5,0.20600000000000002,-999999,0.268,0.08,-999999,3.33,-999999,4.44,7.22,-999999
76,Little Bear,582,SNORTEL,1995.8304,41.40562,-111.82607,-999999,1.722222222222223,2017-09-25 00:00:00,0.0,10.159999999999963,15.240000000000036,17.780000000000072,17.780000000000072,0.35,-999999,0.318,0.33,-999999,4.44,-999999,7.22,9.44,-999999
77,Little Grassy,583,SNORTEL,1848.612,37.48631,-113.84582,-999999,4.2777777777777795,2017-09-25 00:00:00,0.0,0.0,5.079999999999981,5.079999999999981,5.079999999999981,0.10300000000000001,-999999,0.17,0.154,-999999,12.22,-999999,14.44,16.11,-999999
78,Lonesome Beaver,1261,SNORTEL,2868.168,38.07,-110.77241,-999999,0.22222222222222143,2017-09-25 00:00:00,2.540000000000036,2.540000000000036,5.079999999999981,5.079999999999981,5.079999999999981,0.16399999999999998,-999999,0.098,0.08199999999999999,-999999,5.56,-999999,8.33,10.0,-999999
79,Long Flat,592,SNORTEL,2432.9136000000003,37.51255,-113.39661,-999999,1.7777777777777795,2017-09-25 00:00:00,0.0,7.620000000000018,7.620000000000018,15.239999999999945,15.239999999999945,0.165,-999999,0.064,0.09300000000000001,-999999,3.33,-999999,9.44,12.78,-999999
80,Long Valley Jct,593,SNORTEL,2275.3320000000003,37.48756,-112.51458,-999999,0.4999999999999992,2017-09-25 00:00:00,0.0,0.0,0.0,0.0,0.0,0.083,-999999,0.13699999999999998,0.1,-999999,9.44,-999999,11.67,14.44,-999999
81,Lookout Peak,596,SNORTEL,2487.4728,40.83731,-111.70965,-999999,-0.22222222222222143,2017-09-25 00:00:00,12.7,27.940000000000033,30.48000000000007,40.640000000000036,40.640000000000036,0.184,-999999,0.066,0.018000000000000002,-999999,2.78,-999999,4.44,6.67,-999999
82,Lost Creek Resv,1118,SNORTEL,1853.7936000000002,41.22155,-111.35947,-999999,3.7777777777777763,2017-09-25 00:00:00,5.080000000000072,12.7,12.7,20.320000000000018,20.320000000000018,0.10800000000000001,-999999,0.354,0.158,-999999,8.89,-999999,9.44,10.0,-999999
83,Louis Meadow,972,SNORTEL,2042.16,40.83033,-111.76457,0.0,0.8888888888888897,2017-09-25 00:00:00,15.240000000000036,25.4,30.48000000000007,40.640000000000036,40.640000000000036,0.193,-999999,0.128,0.054000000000000006,-999999,5.56,-999999,6.67,8.33,-999999
84,Mammoth-Cottonwood,612,SNORTEL,2654.5032,39.68338,-111.31818,-999999,-2.8888888888888884,2017-09-25 00:00:00,10.159999999999963,15.240000000000036,15.240000000000036,15.240000000000036,15.240000000000036,0.33899999999999997,-999999,0.301,0.22899999999999998,-999999,2.78,-999999,5.56,8.33,-999999
85,Merchant Valley,621,SNORTEL,2653.284,38.30285,-112.43637,-999999,-4.500000000000001,2017-09-25 00:00:00,7.620000000000018,12.7,12.7,17.780000000000072,17.780000000000072,0.349,-999999,0.069,0.0,-999999,1.67,-999999,4.44,7.22,-999999
86,Midway Valley,626,SNORTEL,2995.2696,37.56933,-112.83849,-999999,-2.2777777777777786,2017-09-25 00:00:00,0.0,0.0,5.080000000000072,7.619999999999927,7.619999999999927,0.228,-999999,0.207,0.292,-999999,3.33,-999999,6.67,7.78,-999999
87,Mill-D North,628,SNORTEL,2731.9224,40.65883,-111.63683,-999999,-0.8888888888888897,2017-09-25 00:00:00,22.859999999999964,38.099999999999994,38.099999999999994,40.640000000000036,45.71999999999993,0.218,-999999,0.096,0.037000000000000005,-999999,2.22,-999999,5.56,7.22,-999999
88,Mining Fork,631,SNORTEL,2528.3160000000003,40.49384,-112.61141,-999999,0.777777777777777,2017-09-25 00:00:00,15.240000000000036,25.4,27.940000000000033,30.48000000000007,30.48000000000007,0.162,-999999,0.139,0.051,-999999,2.78,-999999,4.44,6.67,-999999
89,Monte Cristo,634,SNORTEL,2722.4736000000003,41.46547,-111.49688,-999999,-1.0000000000000004,2017-09-25 00:00:00,2.540000000000036,17.780000000000072,17.780000000000072,17.780000000000072,17.780000000000072,0.294,-999999,0.326,0.149,-999999,1.67,-999999,3.89,5.0,-999999
90,Mosby Mtn.,643,SNORTEL,2911.7544000000003,40.60798,-109.8881,-999999,-5.111111111111111,2017-09-25 00:00:00,30.47999999999989,38.099999999999994,38.099999999999994,40.63999999999985,40.63999999999985,0.11199999999999999,-999999,0.08,0.147,-999999,5.0,-999999,5.56,7.22,-999999
91,Mt Baldy,1224,SNORTEL,2902.9152000000004,39.13648,-111.50527,-999999,-3.2222222222222228,2017-09-25 00:00:00,10.159999999999963,15.240000000000036,17.780000000000072,17.780000000000072,17.780000000000072,0.231,-999999,0.228,0.223,-999999,4.44,-999999,6.11,7.78,-999999
92,Mt Pennell,1269,SNORTEL,2806.9032,37.97793,-110.7933,-999999,0.2777777777777778,2017-09-25 00:00:00,0.0,0.0,0.0,0.0,0.0,0.043,-999999,0.084,0.055999999999999994,-999999,2.78,-999999,6.67,8.89,-999999
93,Oak Creek,1146,SNORTEL,2392.6800000000003,39.3485,-112.32639,-999999,1.7777777777777795,2017-09-25 00:00:00,27.940000000000033,33.02000000000002,35.56000000000005,35.56000000000005,40.640000000000036,0.303,-999999,0.039,0.081,-999999,1.67,-999999,4.44,9.44,-999999
94,Panguitch Lake RS,1148,SNORTEL,2545.08,37.70463,-112.65037,-999999,-1.3888888888888888,2017-09-25 00:00:00,0.0,0.0,0.0,0.0,0.0,0.27399999999999997,-999999,0.309,0.40299999999999997,-999999,6.11,-999999,10.0,11.11,-999999
95,Parleys Summit,684,SNORTEL,2311.908,40.76184,-111.62917,-999999,0.7222222222222207,2017-09-25 00:00:00,22.859999999999964,35.55999999999996,40.640000000000036,55.88000000000007,55.88000000000007,0.37200000000000005,-999999,0.387,0.255,-999999,2.22,-999999,5.56,9.44,-999999
96,Parrish Creek,971,SNORTEL,2359.152,40.93417,-111.81372,-999999,0.6111111111111119,2017-09-25 00:00:00,15.240000000000036,22.859999999999964,30.48000000000007,43.18000000000007,43.18000000000007,0.10400000000000001,-999999,0.073,0.3,-999999,4.44,-999999,6.11,7.22,-999999
97,Payson R.S.,686,SNORTEL,2451.8112,39.92976,-111.63109,-999999,-0.4999999999999992,2017-09-25 00:00:00,20.320000000000018,25.4,30.47999999999998,35.56000000000005,35.56000000000005,0.34600000000000003,-999999,0.325,0.179,-999999,4.44,-999999,6.67,11.11,-999999
98,Pickle Keg,691,SNORTEL,2749.2960000000003,39.01219,-111.58259,-999999,-2.2222222222222223,2017-09-25 00:00:00,20.319999999999926,25.39999999999991,27.939999999999944,27.939999999999944,27.939999999999944,0.161,-999999,0.26,0.195,-999999,5.0,-999999,6.11,9.44,-999999
99,Pine Creek,694,SNORTEL,2662.1232,38.88185,-112.24915,-999999,-2.999999999999999,2017-09-25 00:00:00,30.48000000000007,35.560000000000144,43.18000000000007,55.88000000000007,55.88000000000007,0.33299999999999996,-999999,0.307,0.042,-999999,1.67,-999999,3.89,5.0,-999999
100,Red Pine Ridge,714,SNORTEL,2739.5424000000003,39.45197,-111.27221,-999999,-1.2222222222222219,2017-09-25 00:00:00,7.620000000000108,7.620000000000108,7.620000000000108,7.620000000000108,7.620000000000108,0.308,-999999,0.245,0.282,-999999,3.89,-999999,7.78,10.0,-999999
101,Redden Mine Lwr,1225,SNORTEL,2600.5536,40.67505,-111.21765,-999999,-0.4999999999999992,2017-09-25 00:00:00,38.099999999999994,45.71999999999993,58.41999999999992,68.58000000000007,68.58000000000007,0.168,-999999,0.275,0.0,-999999,3.33,-999999,5.0,6.67,-999999
102,Rees Flat,1217,SNORTEL,2196.3888,39.49667,-111.72508,-999999,0.38888888888889045,2017-09-25 00:00:00,17.77999999999998,30.47999999999998,33.02000000000002,33.02000000000002,33.02000000000002,0.322,-999999,0.237,0.013000000000000001,-999999,2.78,-999999,4.44,8.33,-999999
103,Rock Creek,720,SNORTEL,2403.6528000000003,40.54875,-110.69292,-999999,0.4999999999999992,2017-09-25 00:00:00,17.77999999999998,25.4,27.940000000000033,27.940000000000033,27.940000000000033,0.264,-999999,0.059000000000000004,0.027999999999999997,-999999,2.78,-999999,5.0,7.22,-999999
104,Rocky Basin-Settleme,723,SNORTEL,2652.9792,40.44293,-112.22377,-999999,-2.7222222222222214,2017-09-25 00:00:00,35.55999999999996,50.8,50.8,60.95999999999996,60.95999999999996,0.212,-999999,0.057999999999999996,0.006,-999999,2.22,-999999,5.0,6.11,-999999
105,Santaquin Meadows,1280,SNORTEL,2388.108,39.92076,-111.71802,-999999,-0.4999999999999992,2017-09-25 00:00:00,22.859999999999964,30.48000000000007,30.48000000000007,33.02000000000011,33.02000000000011,0.21899999999999997,-999999,0.142,0.023,-999999,2.78,-999999,5.56,10.56,-999999
106,Seeley Creek,742,SNORTEL,3018.7392,39.31042,-111.43297,3.308096,-3.277777777777777,2017-09-25 00:00:00,5.079999999999981,10.159999999999963,15.239999999999945,15.239999999999945,15.239999999999945,0.195,-999999,0.157,0.040999999999999995,-999999,2.78,-999999,4.44,6.11,-999999
107,Smith  Morehouse,763,SNORTEL,2325.9288,40.78931,-111.09192,-999999,0.4999999999999992,2017-09-25 00:00:00,17.77999999999998,25.4,30.47999999999998,35.56000000000005,38.099999999999994,0.302,-999999,0.2,0.138,-999999,2.78,-999999,5.0,7.22,-999999
108,Snowbird,766,SNORTEL,2797.1496,40.56914,-111.65852,-999999,-0.777777777777777,2017-09-25 00:00:00,35.55999999999996,43.179999999999886,45.71999999999993,50.8,50.8,0.153,-999999,0.297,0.095,-999999,1.11,-999999,2.78,5.56,-999999
109,Spirit Lk,1117,SNORTEL,3119.628,40.83868,-110.00527,-999999,-2.7222222222222214,2017-09-25 00:00:00,20.319999999999926,27.939999999999944,38.09999999999991,38.09999999999991,38.09999999999991,0.382,-999999,0.23800000000000002,0.141,-999999,2.78,-999999,3.89,5.0,-999999
110,Steel Creek Park,790,SNORTEL,3096.1584000000003,40.90862,-110.50462,-999999,-2.7777777777777777,2017-09-25 00:00:00,17.780000000000072,30.48000000000007,43.18000000000007,45.720000000000105,45.720000000000105,0.38,-999999,0.364,0.28800000000000003,-999999,1.67,-999999,2.22,3.89,-999999
111,Strawberry Divide,795,SNORTEL,2475.8904,40.16483,-111.20665,-999999,-0.2777777777777778,2017-09-25 00:00:00,15.240000000000036,20.319999999999926,25.4,30.48000000000007,30.48000000000007,0.21600000000000003,-999999,0.0,0.031,-999999,1.67,-999999,6.11,8.33,-999999
112,Sunflower Flat,1249,SNORTEL,3053.4864000000002,38.048,-111.33981,-999999,-1.2222222222222219,2017-09-25 00:00:00,0.0,0.0,0.0,0.0,0.0,0.17300000000000001,-999999,0.08900000000000001,0.122,-999999,0.0,-999999,2.78,5.56,-999999
113,Suu Ranch,1248,SNORTEL,2453.6400000000003,37.59711,-112.92949,-999999,-2.000000000000001,2017-09-25 00:00:00,2.539999999999946,2.539999999999946,2.539999999999946,5.079999999999981,5.079999999999981,0.092,-999999,0.20600000000000002,0.314,-999999,5.0,-999999,7.78,10.0,-999999
114,Takka Wiiya,1247,SNORTEL,2780.3856,39.74104,-113.98262,-999999,-2.7222222222222214,2017-09-25 00:00:00,2.539999999999946,5.079999999999981,7.620000000000018,27.939999999999944,27.939999999999944,0.252,-999999,0.042,0.09699999999999999,-999999,1.67,-999999,4.44,7.22,-999999
115,Temple Fork,1013,SNORTEL,2257.3488,41.793,-111.54605,-999999,1.1111111111111112,2017-09-25 00:00:00,15.240000000000036,25.4,25.4,25.4,25.4,0.222,-999999,0.20800000000000002,0.045,-999999,5.56,-999999,6.11,8.33,-999999
116,Thaynes Canyon,814,SNORTEL,2813.304,40.6235,-111.53322,-999999,-1.2777777777777781,2017-09-25 00:00:00,22.859999999999964,35.55999999999996,40.640000000000036,48.25999999999996,50.8,0.091,-999999,0.044000000000000004,0.085,-999999,3.33,-999999,5.0,7.22,-999999
117,Thistle Flat,1226,SNORTEL,2678.2776000000003,39.23803,-111.51998,-999999,-1.2222222222222219,2017-09-25 00:00:00,10.159999999999963,15.239999999999945,17.77999999999998,20.320000000000018,20.320000000000018,0.386,-999999,0.252,0.342,-999999,3.89,-999999,7.22,10.56,-999999
118,Timberline,1097,SNORTEL,2662.7328,39.67712,-110.43395,-999999,-1.7777777777777775,2017-09-25 00:00:00,17.77999999999998,20.320000000000018,20.320000000000018,20.320000000000018,20.320000000000018,0.24100000000000002,-999999,0.20800000000000002,0.218,-999999,5.56,-999999,7.78,10.56,-999999
119,Timpanogos Divide,820,SNORTEL,2481.072,40.42817,-111.61633,-999999,-0.4999999999999992,2017-09-25 00:00:00,7.619999999999927,20.319999999999926,25.4,33.019999999999925,33.019999999999925,0.147,-999999,0.08199999999999999,0.045,-999999,4.44,-999999,6.11,7.78,-999999
120,Tony Grove Lake,823,SNORTEL,2582.8752,41.89833,-111.62957,-999999,-0.2777777777777778,2017-09-25 00:00:00,12.7,17.780000000000072,17.780000000000072,20.319999999999926,20.319999999999926,0.285,-999999,0.31,0.11900000000000001,-999999,3.33,-999999,4.44,6.67,-999999
121,Tony Grove RS,1113,SNORTEL,1929.9936,41.88573,-111.56918,-999999,2.2777777777777786,2017-09-25 00:00:00,15.240000000000036,22.859999999999964,22.859999999999964,25.4,25.4,0.228,-999999,0.087,0.049,-999999,6.11,-999999,8.89,11.11,-999999
122,Trial Lake,828,SNORTEL,3045.5616,40.678,-110.94873,-999999,-2.5,2017-09-25 00:00:00,25.4,35.560000000000144,50.8,53.34000000000003,53.34000000000003,0.151,-999999,0.276,0.322,-999999,2.78,-999999,3.33,5.0,-999999
123,Trout Creek,833,SNORTEL,2901.0864,40.739,-109.6728,-999999,-1.1111111111111112,2017-09-25 00:00:00,15.240000000000036,22.860000000000053,30.47999999999998,30.47999999999998,30.47999999999998,0.184,-999999,0.18100000000000002,0.22,-999999,1.67,-999999,4.44,6.67,-999999
124,Upper Joes Valley,1227,SNORTEL,2620.0608,39.4155,-111.2491,-999999,-1.3888888888888888,2017-09-25 00:00:00,0.0,0.0,0.0,0.0,0.0,0.08900000000000001,-999999,0.124,0.076,-999999,3.33,-999999,6.67,7.78,-999999
125,Usu Doc Daniel,1098,SNORTEL,2520.696,41.86425,-111.50603,-999999,-0.6111111111111119,2017-09-25 00:00:00,17.780000000000072,27.940000000000214,27.940000000000214,30.48000000000007,33.019999999999925,0.252,0.066,0.11199999999999999,0.069,0.39,2.22,3.33,5.0,7.22,9.44
126,Vernon Creek,844,SNORTEL,2255.8248000000003,39.93667,-112.41478,-999999,-1.722222222222223,2017-09-25 00:00:00,12.7,17.77999999999998,17.77999999999998,33.02000000000002,33.02000000000002,0.011000000000000001,-999999,0.043,0.0,-999999,3.33,-999999,6.11,8.89,-999999
127,Webster Flat,853,SNORTEL,2805.0744,37.575,-112.90155,-999999,-0.777777777777777,2017-09-25 00:00:00,0.0,2.540000000000036,2.540000000000036,10.159999999999963,10.159999999999963,0.174,-999999,0.15,0.04,-999999,6.67,-999999,7.22,8.89,-999999
128,White River #1,864,SNORTEL,2633.7768,39.9645,-110.98845,-999999,-1.3888888888888888,2017-09-25 00:00:00,7.620000000000018,7.620000000000018,10.160000000000053,10.160000000000053,10.160000000000053,0.11800000000000001,-999999,0.07200000000000001,0.28300000000000003,-999999,3.89,-999999,6.67,8.89,-999999
129,Widtsoe #3,865,SNORTEL,2938.272,37.83633,-111.88163,-999999,-3.3888888888888897,2017-09-25 00:00:00,0.0,0.0,0.0,0.0,0.0,0.239,-999999,0.115,0.027999999999999997,-999999,2.22,-999999,5.56,7.78,-999999
130,Wrigley Creek,1228,SNORTEL,2842.8696,39.13233,-111.35685,-999999,-2.000000000000001,2017-09-25 00:00:00,2.540000000000036,2.540000000000036,2.540000000000036,2.540000000000036,2.540000000000036,0.355,-999999,0.28300000000000003,0.313,-999999,2.22,-999999,5.0,7.22,-999999
131,Yankee Reservoir,1197,SNORTEL,2649.3216,37.74797,-112.77495,-999999,-0.4999999999999992,2017-09-25 00:00:00,2.540000000000036,5.080000000000072,7.620000000000018,12.7,15.240000000000036,0.212,-999999,0.214,0.175,-999999,3.89,-999999,7.22,10.0,-999999
-999999,-999999,-999999,-999999,-999999,-999999,-999999,-999999,-999999,-999999,-999999,-999999,-999999,-999999,-999999,-999999,-999999,-999999,-999999,-999999,-999999,-999999,-999999,-999999,-999999
133,Alkali Mesa,2138,SCAN,1964.4360000000001,37.67455,-109.36429,2.414016,5.1111111111111125,2017-09-25 00:00:00,0.0,0.7619999999999837,0.7619999999999837,0.7619999999999837,0.7619999999999837,0.040999999999999995,0.043,0.14,0.16699999999999998,0.163,13.33,13.89,17.78,19.44,20.0
134,Blue Creek,2135,SCAN,1578.5592000000001,41.93531,-112.4336,1.162304,4.111111111111111,2017-09-25 00:00:00,0.0,0.0,7.111999999999938,30.73399999999993,30.98799999999997,0.302,0.314,0.239,0.20600000000000002,0.18899999999999997,8.33,9.44,11.11,13.89,16.67
135,Buffalo Jump,2151,SCAN,2036.6736,41.34363,-111.18798,1.966976,2.8888888888888906,2017-09-25 00:00:00,12.19200000000001,26.162000000000027,30.480000000000025,32.76600000000002,32.76600000000002,0.222,0.084,0.078,0.075,-999999,7.22,8.33,8.89,12.78,-999999
136,Cache Junction,2136,SCAN,1348.74,41.81568,-111.98043,1.251712,4.61111111111111,2017-09-25 00:00:00,4.8260000000000325,5.587999999999971,8.635999999999996,12.95400000000004,12.95400000000004,0.319,0.19399999999999998,0.276,0.37200000000000005,0.389,11.67,13.33,14.44,15.56,17.78
137,Cave Valley,2161,SCAN,1912.0104000000001,37.35524,-113.12341,0.178816,0.38888888888889045,2017-09-25 00:00:00,0.0,0.0,0.0,0.0,0.0,0.008,0.043,0.052000000000000005,0.009000000000000001,0.006,11.11,12.22,13.89,16.11,17.78
138,Chicken Ridge,2150,SCAN,2331.4152,41.33136,-111.3036,0.89408,0.4999999999999992,2017-09-25 00:00:00,12.7,18.03399999999993,24.89200000000001,26.669999999999927,26.669999999999927,0.193,0.204,0.222,0.109,0.10099999999999999,5.56,6.11,6.67,9.44,11.11
139,Circleville,2125,SCAN,1865.3760000000002,38.15133,-112.25122,1.430528,-1.8888888888888882,2017-09-25 00:00:00,0.7620000000000289,0.7620000000000289,1.5240000000000125,1.7780000000000071,1.7780000000000071,0.10400000000000001,0.141,0.069,0.115,0.153,7.22,10.56,13.89,16.67,17.22
140,Dugway,2167,SCAN,1314.9072,40.16591,-113.02007,1.385824,4.111111111111111,2017-09-25 00:00:00,0.25399999999999456,0.25399999999999456,0.5079999999999891,16.509999999999984,16.509999999999984,-999999,-999999,-999999,-999999,-999999,12.78,15.0,17.22,20.56,22.78
141,Eastland,2130,SCAN,2083.9176,37.77853,-109.17193,3.978656,1.7777777777777795,2017-09-25 00:00:00,0.0,1.5240000000000125,1.5240000000000125,1.5240000000000125,1.5240000000000125,0.057999999999999996,0.085,0.10300000000000001,0.221,0.20600000000000002,12.78,15.0,16.11,17.22,17.78
142,Enterprise,2128,SCAN,1600.2,37.63343,-113.64324,0.804672,1.3888888888888888,2017-09-25 00:00:00,11.430000000000026,16.764000000000003,16.764000000000003,17.27199999999999,17.27199999999999,0.131,0.235,0.213,0.14,0.153,7.22,13.33,14.44,17.78,20.0
143,Ephraim,2126,SCAN,1685.8488,39.36798,-111.57803,1.0728959999999998,0.8888888888888897,2017-09-25 00:00:00,5.84200000000001,14.732000000000001,19.812000000000026,19.812000000000026,19.812000000000026,0.192,0.348,0.195,0.24,0.249,5.56,8.33,11.67,15.0,16.67
144,Goshute,2165,SCAN,1672.4376,39.99003,-114.00025,1.654048,3.3888888888888897,2017-09-25 00:00:00,0.0,0.0,14.478000000000007,31.75,31.75,0.28,-999999,-999999,-999999,-999999,6.11,8.89,11.67,13.89,17.22
145,Grantsville,2152,SCAN,1321.9176,40.59089,-112.39258,2.1457919999999997,4.777777777777779,2017-09-25 00:00:00,9.143999999999986,14.732000000000001,14.732000000000001,22.097999999999978,22.097999999999978,0.18100000000000002,-999999,-999999,-999999,-999999,10.56,13.89,16.67,21.67,21.11
146,Green River,2131,SCAN,1250.5944,39.01825,-110.16264,0.312928,5.38888888888889,2017-09-25 00:00:00,5.84200000000001,5.84200000000001,5.84200000000001,5.84200000000001,5.84200000000001,0.174,0.122,0.076,0.07200000000000001,0.092,13.33,13.89,17.22,20.56,22.22
147,Grouse Creek,2160,SCAN,1778.508,41.77846,-113.82048,1.56464,-0.777777777777777,2017-09-25 00:00:00,0.0,0.0,2.540000000000036,20.828000000000007,36.32199999999999,0.131,0.221,0.095,0.152,0.154,7.22,9.44,11.11,13.89,15.56
148,Hals Canyon,2164,SCAN,1603.248,38.59445,-113.75102,1.609344,3.611111111111111,2017-09-25 00:00:00,0.0,0.0,0.0,2.5399999999999907,2.5399999999999907,-999999,0.076,0.08800000000000001,-999999,0.096,-999999,12.22,15.56,-999999,20.56
149,Harms Way,2166,SCAN,2150.364,38.31347,-109.23998,1.519936,0.11111111111111269,2017-09-25 00:00:00,0.0,4.317999999999998,4.317999999999998,4.317999999999998,4.317999999999998,0.1,0.114,0.12300000000000001,0.133,0.063,8.33,11.11,15.0,16.67,17.22
150,Holden,2127,SCAN,1446.276,39.19216,-112.40155,1.34112,1.2777777777777761,2017-09-25 00:00:00,22.352000000000018,28.448000000000025,29.210000000000008,31.496000000000002,31.496000000000002,0.19699999999999998,0.165,0.125,0.11800000000000001,0.128,11.11,11.67,13.33,17.78,20.56
151,Little Red Fox,2155,SCAN,1644.3960000000002,40.17957,-110.30464,1.8775680000000001,1.5000000000000016,2017-09-25 00:00:00,13.207999999999988,16.764000000000003,16.764000000000003,16.764000000000003,16.764000000000003,0.21600000000000003,0.133,0.17,0.212,0.188,8.89,11.67,13.33,15.0,16.11
152,Manderfield,2156,SCAN,1885.188,38.36649,-112.64291,1.8328639999999998,-2.2777777777777786,2017-09-25 00:00:00,1.0159999999999783,2.7939999999999854,6.603999999999994,18.79599999999996,18.79599999999996,0.20199999999999999,0.161,0.131,0.11699999999999999,0.065,5.56,11.67,11.67,14.44,16.11
153,Mccracken Mesa,2140,SCAN,1620.0120000000002,37.44671,-109.33776,3.218688,8.722222222222223,2017-09-25 00:00:00,0.0,1.0160000000000233,1.0160000000000233,1.0160000000000233,1.0160000000000233,0.086,0.102,0.122,0.174,0.156,13.33,17.22,20.0,21.11,21.67
154,Milford,2129,SCAN,1525.5240000000001,38.34196,-113.01053,0.357632,0.9999999999999984,2017-09-25 00:00:00,1.0160000000000233,1.0160000000000233,1.5240000000000125,3.810000000000009,3.810000000000009,0.188,0.26,0.106,0.297,0.076,8.89,11.67,14.44,17.78,19.44
155,Morgan,2133,SCAN,1558.4424000000001,40.9999,-111.68555,0.22352,3.611111111111111,2017-09-25 00:00:00,6.857999999999989,17.01799999999995,17.77999999999998,23.367999999999952,23.367999999999952,0.282,0.289,0.301,0.29,0.201,8.33,9.44,11.11,13.33,15.0
156,Mountain Home,2134,SCAN,2111.3496,40.37263,-110.40602,2.01168,-0.22222222222222143,2017-09-25 00:00:00,16.764000000000003,19.049999999999997,19.049999999999997,19.049999999999997,19.049999999999997,0.175,0.08800000000000001,0.132,0.11900000000000001,0.162,3.33,7.78,11.67,14.44,15.56
157,Nephi,2137,SCAN,1598.6760000000002,39.64554,-111.87044,1.519936,3.2222222222222205,2017-09-25 00:00:00,16.51000000000001,26.923999999999968,30.225999999999985,37.846000000000004,37.846000000000004,0.345,0.32799999999999996,0.131,0.07400000000000001,0.067,9.44,10.56,11.67,16.67,18.89
158,Panguitch,2157,SCAN,1991.5632,37.86975,-112.43437,1.0728959999999998,-3.611111111111111,2017-09-25 00:00:00,0.2540000000000397,0.7620000000000289,0.7620000000000289,1.0160000000000233,1.0160000000000233,0.067,0.22399999999999998,0.126,0.188,0.355,9.44,10.0,10.56,11.67,12.78
159,Park Valley,2153,SCAN,1553.8704,41.77318,-113.28596,1.028192,-0.8888888888888897,2017-09-25 00:00:00,0.0,0.0,21.843999999999983,43.941999999999965,46.228,0.106,0.157,0.13699999999999998,-999999,-999999,9.44,10.56,13.33,15.56,18.89
160,Price,2132,SCAN,1718.1576,39.53288,-110.80604,1.207008,2.7222222222222214,2017-09-25 00:00:00,0.25399999999999456,0.25399999999999456,0.25399999999999456,0.25399999999999456,0.25399999999999456,0.03,0.171,0.168,0.187,0.24600000000000002,9.44,13.33,15.56,19.44,20.0
161,Sand Hollow,2159,SCAN,941.2224,37.10516,-113.35615,2.6375360000000003,12.0,2017-09-25 00:00:00,0.0,0.5079999999999891,0.5079999999999891,0.5079999999999891,0.5079999999999891,0.021,0.042,0.028999999999999998,0.017,0.001,17.78,19.44,21.11,22.22,24.44
162,Split Mountain,2154,SCAN,1476.4512,40.39136,-109.35326,0.8493759999999999,4.222222222222223,2017-09-25 00:00:00,7.111999999999983,7.111999999999983,8.635999999999996,8.635999999999996,8.635999999999996,0.051,0.099,0.08,0.129,0.161,10.56,13.89,16.11,18.89,20.56
163,Spooky,2158,SCAN,1627.9368000000002,37.51468,-111.26189,2.414016,5.7222222222222205,2017-09-25 00:00:00,0.0,0.0,0.0,0.0,0.0,0.012,0.013000000000000001,0.021,0.055999999999999994,0.013000000000000001,15.56,17.78,20.0,21.11,21.67
164,Tule Valley,2163,SCAN,1399.6416000000002,39.23724,-113.45866,0.67056,6.111111111111111,2017-09-25 00:00:00,0.0,0.0,0.0,8.88999999999999,8.88999999999999,0.161,0.076,0.16899999999999998,0.10400000000000001,0.07400000000000001,9.44,14.44,17.22,18.89,22.78
165,Vermillion,2162,SCAN,1948.2816,37.19061,-112.19252,0.89408,2.999999999999999,2017-09-25 00:00:00,0.0,0.0,0.0,0.0,0.0,0.0,0.0,0.024,0.043,0.085,5.56,11.11,14.44,15.0,16.11
166,West Summit,2139,SCAN,2131.4664000000002,38.01394,-109.12745,1.743456,0.2777777777777778,2017-09-25 00:00:00,0.0,0.5079999999999891,0.5079999999999891,0.5079999999999891,0.5079999999999891,0.091,0.128,0.147,0.20600000000000002,0.195,6.67,9.44,14.44,16.11,16.67
167,Santaquin East,FG021,MESOWEST,1453.8960000000002,39.99682,-111.77088,2.15,5.33,2017-09-25 00:00:00,24.13,25.654,35.559999999999995,35.559999999999995,35.559999999999995,-999999,0.34,-999999,-999999,-999999,-999999,9.28,-999999,-999999,-999999
168,I-80 @ mp 78,UT31,MESOWEST,1284.1224,40.7404,-112.6240,5.41,9.77,2017-09-25 00:00:00,-999999,-999999,-999999,-999999,-999999,-999999,0.221,-999999,-999999,-999999,-999999,-999999,-999999,-999999,-999999
169,Alpine,FG001,MESOWEST,1566.672,40.4630,-111.7600,0.67,4.17,2017-09-25 00:00:00,0.0,0.254,0.508,0.508,1.016,-999999,0.34,-999999,-999999,-999999,-999999,9.61,-999999,-999999,-999999
170,American Fork,FG002,MESOWEST,1407.2616,40.37674,-111.79863,1.03,5.78,2017-09-25 00:00:00,10.921999999999999,11.43,18.796,18.796,18.796,-999999,0.15,-999999,-999999,-999999,-999999,13.89,-999999,-999999,-999999
171,Genola,FG004,MESOWEST,1420.3680000000002,40.0370,-111.8300,0.67,6.28,2017-09-25 00:00:00,25.654,26.162,33.782,33.782,33.782,-999999,0.25,-999999,-999999,-999999,-999999,13.39,-999999,-999999,-999999
172,Kaysville,FG005,MESOWEST,1371.6000000000001,41.0210,-111.9300,1.25,6.06,2017-09-25 00:00:00,10.16,10.413999999999998,22.605999999999998,22.605999999999998,22.605999999999998,-999999,0.12,-999999,-999999,-999999,-999999,13.78,-999999,-999999,-999999
173,Payson,FG006,MESOWEST,1484.0712,40.0250,-111.7000,2.37,6.78,2017-09-25 00:00:00,27.178,28.701999999999995,41.91,41.91,41.91,-999999,0.4,-999999,-999999,-999999,-999999,11.17,-999999,-999999,-999999
174,Pleasant View,FG008,MESOWEST,1343.8632,41.3160,-111.9900,0.09,7.06,2017-09-25 00:00:00,1.016,1.016,11.176,11.176,11.176,-999999,0.16,-999999,-999999,-999999,-999999,13.11,-999999,-999999,-999999
175,Santaquin,FG009,MESOWEST,1493.52,39.9880,-111.7800,2.28,4.78,2017-09-25 00:00:00,29.717999999999996,30.733999999999998,41.401999999999994,41.401999999999994,41.401999999999994,-999999,0.35,-999999,-999999,-999999,-999999,9.94,-999999,-999999,-999999
176,Santaquin West,FG010,MESOWEST,1481.0232,39.98666,-111.80346,2.33,5.56,2017-09-25 00:00:00,25.145999999999997,25.907999999999998,33.782,33.782,33.782,-999999,0.28,-999999,-999999,-999999,-999999,11.06,-999999,-999999,-999999
177,Tintic,FG011,MESOWEST,1783.0800000000002,39.87237,-112.13539,1.65,4.78,2017-09-25 00:00:00,12.446,12.446,21.336,21.336,21.336,-999999,0.34,-999999,-999999,-999999,-999999,9.89,-999999,-999999,-999999
178,West Mountain,FG012,MESOWEST,1427.3784,40.0300,-111.7900,2.64,6.11,2017-09-25 00:00:00,28.701999999999995,29.971999999999998,38.099999999999994,38.099999999999994,38.099999999999994,-999999,0.33,-999999,-999999,-999999,-999999,8.89,-999999,-999999,-999999
179,Lindon,FG013,MESOWEST,1446.276,40.33422,-111.70984,0.98,5.72,2017-09-25 00:00:00,22.605999999999998,22.605999999999998,29.971999999999998,29.971999999999998,29.971999999999998,-999999,0.14,-999999,-999999,-999999,-999999,13.72,-999999,-999999,-999999
180,Lincoln Point,FG015,MESOWEST,1404.5184000000002,40.1350,-111.8200,3.13,6.39,2017-09-25 00:00:00,21.336,21.336,30.225999999999996,30.225999999999996,30.225999999999996,-999999,0.3,-999999,-999999,-999999,-999999,10.89,-999999,-999999,-999999
181,Leeds,FG016,MESOWEST,1047.9024,37.2321,-113.3520,3.53,18.61,2017-09-25 00:00:00,0.0,0.0,0.0,0.0,0.0,-999999,0.14,-999999,-999999,-999999,-999999,19.06,-999999,-999999,-999999
182,River Heights,FG017,MESOWEST,1423.1112,41.7254,-111.8064,0.31,6.06,2017-09-25 00:00:00,8.128,8.128,13.716,13.716,13.716,-999999,0.25,-999999,-999999,-999999,-999999,10.83,-999999,-999999,-999999
183,Thatcher,FG018,MESOWEST,1356.6648,41.69276,-112.30252,0.58,7.72,2017-09-25 00:00:00,0.508,0.508,6.604,12.953999999999999,12.953999999999999,-999999,0.08,-999999,-999999,-999999,-999999,13.5,-999999,-999999,-999999
184,Genola South,FG019,MESOWEST,1436.8272000000002,40.005,-111.81950,0.85,5.94,2017-09-25 00:00:00,24.892,25.654,33.528,33.528,33.528,-999999,0.36,-999999,-999999,-999999,-999999,10.11,-999999,-999999,-999999
185,West Mountain Center,FG023,MESOWEST,1433.4744,40.0143,-111.78590,1.88,6.22,2017-09-25 00:00:00,25.654,26.416,31.75,31.75,31.75,-999999,0.32,-999999,-999999,-999999,-999999,10.11,-999999,-999999,-999999
186,West Mountain South,FG024,MESOWEST,1460.2968,39.9978,-111.79805,1.92,5.44,2017-09-25 00:00:00,26.416,27.686,35.81399999999999,35.81399999999999,35.81399999999999,-999999,0.27,-999999,-999999,-999999,-999999,9.78,-999999,-999999,-999999
187,Aspen-B,UCL08,MESOWEST,2628.9,41.86530,-111.50802,0.0,-0.17,2017-09-25 00:00:00,-999999,-999999,-999999,-999999,-999999,-999999,0.3326,-999999,-999999,-999999,-999999,3.6,-999999,-999999,-999999
188,Sage-B,UCL11,MESOWEST,2625.8520000000003,41.86507,-111.50825,1.9,-0.56,2017-09-25 00:00:00,-999999,-999999,-999999,-999999,-999999,-999999,0.2562,-999999,-999999,-999999,-999999,46.95,-999999,-999999,-999999
